{
  "phase": "holding",
  "watchPrice": 0.000008259417728898715,
  "stepIndex": 3,
  "position": {
    "tokenAmount": "11764429860",
    "totalSolSpent": "88062453",
    "avgEntryPrice": 0.000007485484128680078
  },
  "trailing": {
    "active": false,
    "peakPrice": 0
  },
  "lastTrade": {
    "profitPct": 3.1963051564822145,
    "timestamp": 1769647901793
  },
  "cooldown": {
    "startTime": 1769647901793,
    "priceAtStart": 0.000008259417728898715,
    "highPrice": 0.000008259417728898715,
    "lowPrice": 0.000006897448793960235
  },
  "currentEntryDropPct": 4,
  "partialExitsDone": [],
  "slippage": {
    "buy": 150,
    "sell": 100
  },
  "priorityFee": {
    "buy": 0,
    "sell": 0
  }
}